{"is_source_file": false, "format": "", "description": "", "external_files": [], "external_methods": [], "published": [], "classes": [], "methods": [], "calls": [], "search-terms": [], "state": 2, "file_id": 1, "knowledge_revision": 3, "git_revision": "d2714bb4d4b839a4ff8ceb9358072772ada2ba8b", "hash": "6fbca54d4492b444c0de51ba9f604dae", "format-version": 4, "code-base-name": "tic_tac_toe_frontend", "filename": "README.md", "revision_history": [{"3": "d2714bb4d4b839a4ff8ceb9358072772ada2ba8b"}]}